[1.0, 1.0, 1.0, 1.0, 0.9971910112359551, 0.9929775280898876, 0.9901685393258427, 0.9859550561797753, 0.9831460674157303, 0.973314606741573, 0.9634831460674157, 0.9550561797752809, 0.9466292134831461, 0.9367977528089888, 0.9241573033707865, 0.9241573033707865, 0.9058988764044944, 0.8876404494382022, 0.8764044943820225, 0.8679775280898876]
[1.0, 1.0, 1.0, 1.0, 0.9971910112359551, 0.9943820224719101, 0.9901685393258427, 0.9859550561797753, 0.9831460674157303, 0.973314606741573, 0.9634831460674157, 0.9550561797752809, 0.9466292134831461, 0.9367977528089888, 0.9241573033707865, 0.9241573033707865, 0.9058988764044944, 0.8876404494382022, 0.8764044943820225, 0.8679775280898876, 0.8525280898876404, 0.8469101123595506, 0.827247191011236, 0.8061797752808989, 0.7823033707865169, 0.7752808988764045, 0.7598314606741573, 0.7514044943820225, 0.7359550561797753, 0.7162921348314607, 0.702247191011236, 0.6910112359550562, 0.6699438202247191, 0.6601123595505618, 0.648876404494382, 0.6320224719101124, 0.6264044943820225, 0.6067415730337079, 0.5969101123595506, 0.5674157303370787, 0.5491573033707865, 0.5435393258426966, 0.5351123595505618, 0.5140449438202247, 0.5042134831460674, 0.48314606741573035, 0.48314606741573035, 0.4691011235955056, 0.46207865168539325, 0.4550561797752809]
[1.0, 1.0, 1.0, 0.9957865168539326, 0.9915730337078652, 0.9873595505617978, 0.9775280898876404, 0.9719101123595506, 0.9606741573033708, 0.952247191011236, 0.9382022471910112, 0.922752808988764, 0.9101123595505618, 0.8932584269662921, 0.8820224719101124, 0.8581460674157303, 0.848314606741573, 0.8174157303370787, 0.7851123595505618, 0.7654494382022472, 0.7528089887640449, 0.7303370786516854, 0.7219101123595506, 0.6952247191011236, 0.6797752808988764, 0.6558988764044944, 0.6558988764044944, 0.6221910112359551, 0.6067415730337079, 0.5800561797752809, 0.550561797752809, 0.5379213483146067, 0.5168539325842697, 0.49297752808988765, 0.4845505617977528, 0.47191011235955055, 0.44803370786516855, 0.4396067415730337, 0.42275280898876405, 0.4058988764044944, 0.3960674157303371, 0.3862359550561798, 0.37219101123595505, 0.3455056179775281, 0.3455056179775281, 0.3258426966292135, 0.32303370786516855, 0.3202247191011236, 0.30758426966292135, 0.3061797752808989]
[1.0, 1.0, 1.0, 0.9957865168539326, 0.9915730337078652, 0.9873595505617978, 0.9775280898876404, 0.9719101123595506, 0.9606741573033708, 0.949438202247191, 0.9367977528089888, 0.922752808988764, 0.9115168539325843, 0.8946629213483146, 0.8806179775280899, 0.8567415730337079, 0.848314606741573, 0.8174157303370787, 0.7879213483146067, 0.7640449438202247, 0.7556179775280899, 0.7303370786516854, 0.7205056179775281, 0.6966292134831461, 0.6797752808988764, 0.6573033707865169, 0.6530898876404494, 0.6221910112359551, 0.6025280898876404, 0.5814606741573034, 0.550561797752809, 0.5365168539325843, 0.5168539325842697, 0.49297752808988765, 0.4845505617977528, 0.47331460674157305, 0.44803370786516855, 0.43820224719101125, 0.4241573033707865, 0.40308988764044945, 0.3946629213483146, 0.3848314606741573, 0.37219101123595505, 0.34691011235955055, 0.3455056179775281, 0.32303370786516855, 0.32162921348314605, 0.3202247191011236, 0.3061797752808989, 0.3061797752808989]
[0.9985955056179775, 0.9943820224719101, 0.9775280898876404, 0.9550561797752809, 0.9087078651685393, 0.8595505617977528, 0.797752808988764, 0.7401685393258427, 0.6839887640449438, 0.6095505617977528, 0.5449438202247191, 0.49859550561797755, 0.4396067415730337, 0.3960674157303371, 0.351123595505618, 0.31741573033707865, 0.2696629213483146, 0.2443820224719101, 0.2247191011235955, 0.20365168539325842, 0.16713483146067415, 0.1446629213483146, 0.12640449438202248, 0.12640449438202248, 0.10112359550561797, 0.08567415730337079, 0.07443820224719101, 0.06741573033707865, 0.054775280898876406, 0.05196629213483146, 0.04353932584269663, 0.0449438202247191, 0.03932584269662921, 0.033707865168539325, 0.032303370786516857, 0.028089887640449437, 0.021067415730337078, 0.021067415730337078, 0.019662921348314606, 0.018258426966292134, 0.014044943820224719, 0.011235955056179775, 0.009831460674157303, 0.009831460674157303, 0.008426966292134831, 0.008426966292134831, 0.0056179775280898875, 0.007022471910112359, 0.0056179775280898875, 0.0056179775280898875, 0.004213483146067416, 0.004213483146067416, 0.0014044943820224719, 0.0014044943820224719, 0.0, 0.0, 0.0, 0.0, 0.0, 0.0, 0.0, 0.0, 0.0, 0.0, 0.0, 0.0, 0.0, 0.0, 0.0, 0.0, 0.0, 0.0, 0.0, 0.0, 0.0, 0.0, 0.0, 0.0, 0.0, 0.0, 0.0, 0.0, 0.0, 0.0, 0.0, 0.0, 0.0, 0.0, 0.0, 0.0, 0.0, 0.0, 0.0, 0.0, 0.0, 0.0, 0.0, 0.0, 0.0, 0.0]
[1.0, 0.9957865168539326, 0.9831460674157303, 0.9676966292134831, 0.925561797752809, 0.8707865168539326, 0.8160112359550562, 0.7584269662921348, 0.6966292134831461, 0.6418539325842697, 0.5730337078651685, 0.5126404494382022, 0.4592696629213483, 0.39325842696629215, 0.35252808988764045, 0.3047752808988764, 0.2710674157303371, 0.24719101123595505, 0.21348314606741572, 0.199438202247191, 0.15589887640449437, 0.1446629213483146, 0.13202247191011235, 0.10674157303370786, 0.10393258426966293, 0.08707865168539326, 0.07162921348314606, 0.06601123595505617, 0.05056179775280899, 0.04915730337078652, 0.04073033707865169, 0.037921348314606744, 0.032303370786516857, 0.028089887640449437, 0.019662921348314606, 0.01544943820224719, 0.014044943820224719, 0.009831460674157303, 0.009831460674157303, 0.008426966292134831, 0.007022471910112359, 0.008426966292134831, 0.008426966292134831, 0.007022471910112359, 0.008426966292134831, 0.007022471910112359, 0.0056179775280898875, 0.0056179775280898875, 0.0056179775280898875, 0.004213483146067416]
[1.0, 1.0, 0.9985955056179775, 0.9971910112359551, 0.9943820224719101, 0.9859550561797753, 0.9789325842696629, 0.9705056179775281, 0.9620786516853933, 0.9508426966292135, 0.9367977528089888, 0.9199438202247191, 0.9087078651685393, 0.8862359550561798, 0.8665730337078652, 0.8370786516853933, 0.8174157303370787, 0.797752808988764, 0.7724719101123596, 0.7528089887640449, 0.7373595505617978, 0.7205056179775281, 0.6952247191011236, 0.6741573033707865, 0.6544943820224719, 0.6306179775280899, 0.6067415730337079, 0.577247191011236, 0.5435393258426966, 0.5224719101123596, 0.4957865168539326, 0.4648876404494382, 0.45646067415730335, 0.44241573033707865, 0.4199438202247191, 0.4058988764044944, 0.3890449438202247, 0.37780898876404495, 0.37780898876404495, 0.3497191011235955, 0.3356741573033708, 0.33146067415730335, 0.31179775280898875, 0.29353932584269665, 0.2851123595505618, 0.27247191011235955, 0.2612359550561798, 0.25140449438202245, 0.25, 0.23314606741573032]
[1.0, 1.0, 0.9985955056179775, 0.9971910112359551, 0.9943820224719101, 0.9859550561797753, 0.9789325842696629, 0.9705056179775281, 0.9634831460674157, 0.9508426966292135, 0.9367977528089888, 0.9199438202247191, 0.9087078651685393, 0.8862359550561798, 0.8651685393258427, 0.8370786516853933, 0.8174157303370787, 0.797752808988764, 0.7724719101123596, 0.7542134831460674, 0.7373595505617978, 0.7205056179775281, 0.6952247191011236, 0.672752808988764, 0.6544943820224719, 0.6306179775280899, 0.6081460674157303, 0.5786516853932584, 0.5407303370786517, 0.5210674157303371, 0.49859550561797755, 0.4648876404494382, 0.45646067415730335, 0.4410112359550562, 0.4199438202247191, 0.40308988764044945, 0.3904494382022472, 0.3792134831460674, 0.37780898876404495, 0.3497191011235955, 0.33707865168539325, 0.33146067415730335, 0.31179775280898875, 0.29353932584269665, 0.2851123595505618, 0.273876404494382, 0.2612359550561798, 0.24859550561797752, 0.25280898876404495, 0.2345505617977528, 0.2148876404494382, 0.20786516853932585, 0.2050561797752809, 0.2050561797752809, 0.18820224719101122, 0.18679775280898878, 0.17696629213483145, 0.16713483146067415, 0.16151685393258428, 0.15589887640449437, 0.1502808988764045, 0.14606741573033707, 0.13904494382022473, 0.13342696629213482, 0.12780898876404495, 0.12078651685393259, 0.12359550561797752, 0.11797752808988764, 0.1151685393258427, 0.10674157303370786, 0.10674157303370786, 0.09691011235955056, 0.09269662921348315, 0.0898876404494382, 0.07443820224719101, 0.07865168539325842, 0.06882022471910113, 0.06741573033707865, 0.060393258426966294, 0.06320224719101124, 0.06460674157303371, 0.05758426966292135, 0.05196629213483146, 0.05337078651685393, 0.05056179775280899, 0.056179775280898875, 0.04915730337078652, 0.04915730337078652, 0.0449438202247191, 0.04073033707865169, 0.037921348314606744, 0.03932584269662921, 0.032303370786516857, 0.032303370786516857, 0.033707865168539325, 0.032303370786516857, 0.03089887640449438, 0.02949438202247191, 0.032303370786516857, 0.026685393258426966]
[1.0, 1.0, 0.9985955056179775, 0.9957865168539326, 0.9957865168539326, 0.9901685393258427, 0.9831460674157303, 0.9691011235955056, 0.9634831460674157, 0.9480337078651685, 0.9353932584269663, 0.9185393258426966, 0.9044943820224719, 0.8904494382022472, 0.8721910112359551, 0.848314606741573, 0.8328651685393258, 0.8061797752808989, 0.7851123595505618, 0.7626404494382022, 0.7303370786516854, 0.7078651685393258, 0.6910112359550562, 0.6685393258426966, 0.6460674157303371, 0.6207865168539326, 0.5997191011235955, 0.5716292134831461, 0.5547752808988764, 0.5308988764044944, 0.4957865168539326, 0.48174157303370785, 0.45786516853932585, 0.45224719101123595, 0.42837078651685395, 0.42275280898876405, 0.3960674157303371, 0.3862359550561798, 0.3707865168539326, 0.35674157303370785, 0.3455056179775281, 0.3258426966292135, 0.3160112359550562, 0.300561797752809, 0.2851123595505618, 0.2893258426966292, 0.2640449438202247, 0.25842696629213485, 0.24578651685393257, 0.2401685393258427, 0.23314606741573032, 0.2148876404494382, 0.21348314606741572, 0.21067415730337077, 0.19662921348314608, 0.1952247191011236, 0.18679775280898878, 0.17275280898876405, 0.1699438202247191, 0.16292134831460675, 0.14887640449438203, 0.14747191011235955, 0.1348314606741573, 0.12640449438202248, 0.125, 0.12921348314606743, 0.11938202247191011, 0.10955056179775281, 0.10955056179775281, 0.09831460674157304, 0.09831460674157304, 0.09550561797752809, 0.0800561797752809, 0.07865168539325842, 0.07865168539325842, 0.07162921348314606, 0.06882022471910113, 0.06601123595505617, 0.060393258426966294, 0.05758426966292135, 0.05337078651685393, 0.054775280898876406, 0.05337078651685393, 0.05056179775280899, 0.05196629213483146, 0.046348314606741575, 0.04073033707865169, 0.04353932584269663, 0.0449438202247191, 0.03932584269662921, 0.03932584269662921, 0.0351123595505618, 0.0351123595505618, 0.03089887640449438, 0.026685393258426966, 0.02949438202247191, 0.02949438202247191, 0.023876404494382022, 0.021067415730337078, 0.021067415730337078]
[1.0, 1.0, 1.0, 1.0, 0.9971910112359551, 0.9929775280898876, 0.9887640449438202, 0.976123595505618, 0.9691011235955056, 0.9550561797752809, 0.9410112359550562, 0.9269662921348315, 0.9157303370786517, 0.9044943820224719, 0.8904494382022472, 0.8778089887640449, 0.8497191011235955, 0.8314606741573034, 0.8061797752808989, 0.7823033707865169, 0.7668539325842697, 0.7471910112359551, 0.723314606741573, 0.6896067415730337, 0.6671348314606742, 0.6573033707865169, 0.6404494382022472, 0.6320224719101124, 0.6081460674157303, 0.5912921348314607, 0.5646067415730337, 0.5463483146067416, 0.5154494382022472, 0.49297752808988765, 0.476123595505618, 0.45646067415730335, 0.43679775280898875, 0.4297752808988764, 0.41151685393258425, 0.38342696629213485, 0.375, 0.35674157303370785, 0.34269662921348315, 0.324438202247191, 0.3160112359550562, 0.30196629213483145, 0.30758426966292135, 0.28370786516853935, 0.27247191011235955, 0.26685393258426965, 0.25702247191011235, 0.25140449438202245, 0.23595505617977527, 0.2345505617977528, 0.22752808988764045, 0.22612359550561797, 0.2148876404494382, 0.199438202247191, 0.20084269662921347, 0.1896067415730337, 0.18679775280898878, 0.18258426966292135, 0.1699438202247191, 0.16713483146067415, 0.1601123595505618, 0.1502808988764045, 0.14325842696629212, 0.13764044943820225, 0.1446629213483146, 0.14325842696629212, 0.13342696629213482, 0.125, 0.12219101123595505, 0.12078651685393259, 0.11797752808988764, 0.10814606741573034, 0.10674157303370786, 0.09831460674157304, 0.09410112359550561, 0.08848314606741572, 0.09550561797752809, 0.08286516853932584, 0.08146067415730338, 0.07724719101123595, 0.07443820224719101, 0.07162921348314606, 0.06741573033707865, 0.06460674157303371, 0.06320224719101124, 0.060393258426966294, 0.054775280898876406, 0.05196629213483146, 0.047752808988764044, 0.05196629213483146, 0.0449438202247191, 0.047752808988764044, 0.047752808988764044, 0.0449438202247191, 0.0351123595505618, 0.0449438202247191]
[1.0, 1.0, 0.9985955056179775, 0.9957865168539326, 0.9915730337078652, 0.9859550561797753, 0.973314606741573, 0.9648876404494382, 0.9578651685393258, 0.9396067415730337, 0.9311797752808989, 0.9115168539325843, 0.8974719101123596, 0.8735955056179775, 0.8623595505617978, 0.8426966292134831, 0.8146067415730337, 0.7780898876404494, 0.7598314606741573, 0.7359550561797753, 0.702247191011236, 0.6825842696629213, 0.6685393258426966, 0.648876404494382, 0.6179775280898876, 0.5997191011235955, 0.5926966292134831, 0.5533707865168539, 0.5280898876404494, 0.49859550561797755, 0.476123595505618, 0.45786516853932585, 0.4550561797752809, 0.42696629213483145, 0.41713483146067415, 0.40168539325842695, 0.37219101123595505, 0.3595505617977528, 0.3356741573033708, 0.32303370786516855, 0.3146067415730337, 0.31741573033707865, 0.30337078651685395, 0.29213483146067415, 0.28370786516853935, 0.2794943820224719, 0.2696629213483146, 0.2542134831460674, 0.24297752808988765, 0.24157303370786518, 0.2247191011235955, 0.21910112359550563, 0.20224719101123595, 0.19101123595505617, 0.19241573033707865, 0.17837078651685392, 0.17837078651685392, 0.15870786516853932, 0.16151685393258428, 0.1544943820224719, 0.14325842696629212, 0.1404494382022472, 0.13342696629213482, 0.11657303370786516, 0.11938202247191011, 0.11376404494382023, 0.10112359550561797, 0.10252808988764045, 0.10112359550561797, 0.09691011235955056, 0.08567415730337079, 0.08567415730337079, 0.07865168539325842, 0.07584269662921349, 0.07443820224719101, 0.0702247191011236, 0.06882022471910113, 0.06601123595505617, 0.060393258426966294, 0.06320224719101124, 0.06179775280898876, 0.05337078651685393, 0.05056179775280899, 0.05196629213483146, 0.05056179775280899, 0.05196629213483146, 0.05196629213483146, 0.0449438202247191, 0.046348314606741575, 0.042134831460674156, 0.042134831460674156, 0.04353932584269663, 0.03651685393258427, 0.03651685393258427, 0.0351123595505618, 0.033707865168539325, 0.0351123595505618, 0.03651685393258427, 0.0351123595505618, 0.025280898876404494]
[1.0, 1.0, 1.0, 0.9985955056179775, 0.9943820224719101, 0.9901685393258427, 0.9887640449438202, 0.9831460674157303, 0.973314606741573, 0.9578651685393258, 0.9452247191011236, 0.9367977528089888, 0.9199438202247191, 0.9157303370786517, 0.9030898876404494, 0.8904494382022472, 0.875, 0.8426966292134831, 0.8328651685393258, 0.8160112359550562, 0.797752808988764, 0.7837078651685393, 0.7556179775280899, 0.7401685393258427, 0.7205056179775281, 0.7050561797752809, 0.6952247191011236, 0.672752808988764, 0.6587078651685393, 0.6432584269662921, 0.6179775280898876, 0.5941011235955056, 0.5758426966292135, 0.5632022471910112, 0.5407303370786517, 0.5393258426966292, 0.5098314606741573, 0.4803370786516854, 0.4803370786516854, 0.46348314606741575, 0.44241573033707865, 0.43820224719101125, 0.42275280898876405, 0.39325842696629215, 0.3946629213483146, 0.36235955056179775, 0.3497191011235955, 0.3441011235955056, 0.3258426966292135, 0.32724719101123595, 0.31741573033707865, 0.30196629213483145, 0.2949438202247191, 0.2949438202247191, 0.28651685393258425, 0.27808988764044945, 0.26685393258426965, 0.25842696629213485, 0.2556179775280899, 0.24859550561797752, 0.23174157303370788, 0.22893258426966293, 0.21769662921348315, 0.20224719101123595, 0.20646067415730338, 0.19662921348314608, 0.19662921348314608, 0.17837078651685392, 0.17837078651685392, 0.16432584269662923, 0.16292134831460675, 0.15730337078651685, 0.15168539325842698, 0.15168539325842698, 0.14747191011235955, 0.14747191011235955, 0.13764044943820225, 0.12640449438202248, 0.12640449438202248, 0.12219101123595505, 0.11376404494382023, 0.11657303370786516, 0.09550561797752809, 0.0997191011235955, 0.09129213483146068, 0.08707865168539326, 0.08567415730337079, 0.08286516853932584, 0.0800561797752809, 0.08146067415730338, 0.07443820224719101, 0.07162921348314606, 0.06882022471910113, 0.06601123595505617, 0.06179775280898876, 0.060393258426966294, 0.06179775280898876, 0.05758426966292135, 0.05898876404494382, 0.056179775280898875]
[0.9985955056179775, 1.0, 0.9985955056179775, 0.9985955056179775, 0.9943820224719101, 0.9901685393258427, 0.9845505617977528, 0.9803370786516854, 0.9705056179775281, 0.9606741573033708, 0.9480337078651685, 0.9382022471910112, 0.922752808988764, 0.9171348314606742, 0.9101123595505618, 0.898876404494382, 0.8764044943820225, 0.8539325842696629, 0.8328651685393258, 0.8132022471910112, 0.7865168539325843, 0.7640449438202247, 0.7401685393258427, 0.7331460674157303, 0.7064606741573034, 0.6896067415730337, 0.6699438202247191, 0.6558988764044944, 0.6432584269662921, 0.6207865168539326, 0.6137640449438202, 0.5800561797752809, 0.5674157303370787, 0.550561797752809, 0.5379213483146067, 0.5252808988764045, 0.5028089887640449, 0.48735955056179775, 0.4789325842696629, 0.45786516853932585, 0.44662921348314605, 0.4339887640449438, 0.41292134831460675, 0.39325842696629215, 0.3792134831460674, 0.36657303370786515, 0.3609550561797753, 0.351123595505618, 0.32865168539325845, 0.31741573033707865, 0.31320224719101125, 0.3089887640449438, 0.2991573033707865, 0.2907303370786517, 0.26685393258426965, 0.2640449438202247, 0.25280898876404495, 0.25140449438202245, 0.24719101123595505, 0.23595505617977527, 0.22893258426966293, 0.21629213483146068, 0.21348314606741572, 0.20365168539325842, 0.19803370786516855, 0.1896067415730337, 0.17837078651685392, 0.17837078651685392, 0.1699438202247191, 0.16713483146067415, 0.16432584269662923, 0.15589887640449437, 0.15589887640449437, 0.1446629213483146, 0.1446629213483146, 0.13764044943820225, 0.12921348314606743, 0.13342696629213482, 0.12780898876404495, 0.1306179775280899, 0.1151685393258427, 0.11797752808988764, 0.10955056179775281, 0.11095505617977527, 0.10814606741573034, 0.10533707865168539, 0.10252808988764045, 0.0997191011235955, 0.0997191011235955, 0.09410112359550561, 0.09410112359550561, 0.09269662921348315, 0.08707865168539326, 0.08426966292134831, 0.08707865168539326, 0.07584269662921349, 0.07303370786516854, 0.07303370786516854, 0.06882022471910113, 0.06179775280898876]
[1.0, 1.0, 0.9957865168539326, 0.9943820224719101, 0.9901685393258427, 0.9789325842696629, 0.9789325842696629, 0.9691011235955056, 0.9578651685393258, 0.9367977528089888, 0.9269662921348315, 0.9143258426966292, 0.8960674157303371, 0.8721910112359551, 0.8525280898876404, 0.8258426966292135, 0.8089887640449438, 0.7879213483146067, 0.7640449438202247, 0.7485955056179775, 0.723314606741573, 0.702247191011236, 0.6741573033707865, 0.6615168539325843, 0.6320224719101124, 0.6067415730337079, 0.5884831460674157, 0.5617977528089888, 0.5463483146067416, 0.5112359550561798, 0.5, 0.46769662921348315, 0.45365168539325845, 0.4396067415730337, 0.4199438202247191, 0.39747191011235955, 0.3862359550561798, 0.37219101123595505, 0.35674157303370785, 0.34129213483146065, 0.3258426966292135, 0.31179775280898875, 0.30337078651685395, 0.2893258426966292, 0.2794943820224719, 0.26685393258426965, 0.25, 0.2401685393258427, 0.2303370786516854, 0.21629213483146068, 0.21348314606741572, 0.20365168539325842, 0.18398876404494383, 0.18258426966292135, 0.17837078651685392, 0.175561797752809, 0.15870786516853932, 0.15168539325842698, 0.14747191011235955, 0.14747191011235955, 0.13623595505617977, 0.125, 0.11797752808988764, 0.11797752808988764, 0.11376404494382023, 0.10674157303370786, 0.10252808988764045, 0.09691011235955056, 0.09691011235955056, 0.09831460674157304, 0.0898876404494382, 0.09129213483146068, 0.08567415730337079, 0.08426966292134831, 0.0800561797752809, 0.07724719101123595, 0.07724719101123595, 0.0702247191011236, 0.07162921348314606, 0.06882022471910113, 0.06320224719101124, 0.05898876404494382, 0.060393258426966294, 0.054775280898876406, 0.05196629213483146, 0.05056179775280899, 0.047752808988764044, 0.046348314606741575, 0.04073033707865169, 0.04353932584269663, 0.03932584269662921, 0.042134831460674156, 0.04073033707865169, 0.03932584269662921, 0.0351123595505618, 0.03932584269662921, 0.033707865168539325, 0.03089887640449438, 0.025280898876404494, 0.026685393258426966]
